{
  "setting_3_attack_none_reviews": {
    "recall": 97.33000000000001,
    "recall_greedy": 100.0,
    "recall_sampling": 94.67,
    "precision": 93.58999999999999,
    "accuracy": 95.33,
    "f1_score": 95.42,
    "FPR": 6.67,
    "TP": 146,
    "FP": 10,
    "TN": 140,
    "FN": 4,
    "th": null
  },
  "setting_3_attack_semantic_variation_reviews": {
    "recall": 90.0,
    "recall_greedy": 93.33500000000001,
    "recall_sampling": 86.67,
    "precision": 86.475,
    "accuracy": 87.83,
    "f1_score": 87.985,
    "FPR": 14.335,
    "TP": 135,
    "FP": 21.5,
    "TN": 128.5,
    "FN": 15,
    "th": null
  },
  "setting_3_attack_format_modifications_reviews": {
    "recall": 96.132,
    "recall_greedy": 99.2,
    "recall_sampling": 93.068,
    "precision": 92.1,
    "accuracy": 93.932,
    "f1_score": 94.068,
    "FPR": 8.264,
    "TP": 144.2,
    "FP": 12.4,
    "TN": 137.6,
    "FN": 5.8,
    "th": null
  },
  "setting_3_attack_spelling_variations_reviews": {
    "recall": 78.0,
    "recall_greedy": 84.44333333333333,
    "recall_sampling": 71.55666666666667,
    "precision": 91.31,
    "accuracy": 85.78,
    "f1_score": 82.09666666666666,
    "FPR": 6.446666666666666,
    "TP": 117,
    "FP": 9.666666666666666,
    "TN": 140.33333333333334,
    "FN": 33,
    "th": null
  },
  "setting_3_attack_none_wikihow": {
    "recall": 100.0,
    "recall_greedy": 100.0,
    "recall_sampling": 100.0,
    "precision": 88.24,
    "accuracy": 93.33,
    "f1_score": 93.75,
    "FPR": 13.33,
    "TP": 150,
    "FP": 20,
    "TN": 130,
    "FN": 0,
    "th": null
  },
  "setting_3_attack_semantic_variation_wikihow": {
    "recall": 99.66499999999999,
    "recall_greedy": 99.33500000000001,
    "recall_sampling": 100.0,
    "precision": 73.245,
    "accuracy": 81.16499999999999,
    "f1_score": 84.305,
    "FPR": 37.335,
    "TP": 149.5,
    "FP": 56,
    "TN": 94,
    "FN": 0.5,
    "th": null
  },
  "setting_3_attack_format_modifications_wikihow": {
    "recall": 98.532,
    "recall_greedy": 98.4,
    "recall_sampling": 98.666,
    "precision": 84.43799999999999,
    "accuracy": 90.134,
    "f1_score": 90.928,
    "FPR": 18.266000000000002,
    "TP": 147.8,
    "FP": 27.4,
    "TN": 122.6,
    "FN": 2.2,
    "th": null
  },
  "setting_3_attack_spelling_variations_wikihow": {
    "recall": 82.66666666666667,
    "recall_greedy": 83.55666666666667,
    "recall_sampling": 81.77666666666667,
    "precision": 88.1,
    "accuracy": 85.78,
    "f1_score": 83.19333333333333,
    "FPR": 11.113333333333333,
    "TP": 124,
    "FP": 16.666666666666668,
    "TN": 133.33333333333334,
    "FN": 26,
    "th": null
  },
  "setting_3_attack_none_finance": {
    "recall": 98.67,
    "recall_greedy": 100.0,
    "recall_sampling": 97.33000000000001,
    "precision": 100.0,
    "accuracy": 99.33,
    "f1_score": 99.33,
    "FPR": 0.0,
    "TP": 148,
    "FP": 0,
    "TN": 150,
    "FN": 2,
    "th": null
  },
  "setting_3_attack_semantic_variation_finance": {
    "recall": 96.33000000000001,
    "recall_greedy": 98.0,
    "recall_sampling": 94.66499999999999,
    "precision": 97.68,
    "accuracy": 97.0,
    "f1_score": 96.985,
    "FPR": 2.335,
    "TP": 144.5,
    "FP": 3.5,
    "TN": 146.5,
    "FN": 5.5,
    "th": null
  },
  "setting_3_attack_format_modifications_finance": {
    "recall": 98.002,
    "recall_greedy": 99.734,
    "recall_sampling": 96.266,
    "precision": 100.0,
    "accuracy": 98.998,
    "f1_score": 98.99,
    "FPR": 0.0,
    "TP": 147,
    "FP": 0,
    "TN": 150,
    "FN": 3,
    "th": null
  },
  "setting_3_attack_spelling_variations_finance": {
    "recall": 76.66666666666667,
    "recall_greedy": 80.0,
    "recall_sampling": 73.33333333333333,
    "precision": 100.0,
    "accuracy": 88.33333333333333,
    "f1_score": 83.04333333333334,
    "FPR": 0.0,
    "TP": 115,
    "FP": 0,
    "TN": 150,
    "FN": 35,
    "th": null
  },
  "setting_3_attack_none_medicine": {
    "recall": 97.33000000000001,
    "recall_greedy": 98.67,
    "recall_sampling": 96.0,
    "precision": 96.05,
    "accuracy": 96.67,
    "f1_score": 96.69,
    "FPR": 4.0,
    "TP": 146,
    "FP": 6,
    "TN": 144,
    "FN": 4,
    "th": null
  },
  "setting_3_attack_semantic_variation_medicine": {
    "recall": 95.0,
    "recall_greedy": 96.67,
    "recall_sampling": 93.33500000000001,
    "precision": 84.765,
    "accuracy": 88.83500000000001,
    "f1_score": 89.505,
    "FPR": 17.335,
    "TP": 142.5,
    "FP": 26,
    "TN": 124,
    "FN": 7.5,
    "th": null
  },
  "setting_3_attack_format_modifications_medicine": {
    "recall": 96.0,
    "recall_greedy": 96.268,
    "recall_sampling": 95.732,
    "precision": 95.132,
    "accuracy": 95.532,
    "f1_score": 95.55799999999999,
    "FPR": 4.934,
    "TP": 144,
    "FP": 7.4,
    "TN": 142.6,
    "FN": 6,
    "th": null
  },
  "setting_3_attack_spelling_variations_medicine": {
    "recall": 80.89,
    "recall_greedy": 85.33333333333333,
    "recall_sampling": 76.44333333333333,
    "precision": 96.69666666666667,
    "accuracy": 89.0,
    "f1_score": 86.40666666666667,
    "FPR": 2.8866666666666667,
    "TP": 121.33333333333333,
    "FP": 4.333333333333333,
    "TN": 145.66666666666666,
    "FN": 28.666666666666668,
    "th": null
  }
}