{
  "setting_3_attack_none_reviews": {
    "recall": 98.67,
    "recall_greedy": 100.0,
    "recall_sampling": 97.33000000000001,
    "precision": 80.87,
    "accuracy": 87.67,
    "f1_score": 88.89,
    "FPR": 23.330000000000002,
    "TP": 148,
    "FP": 35,
    "TN": 115,
    "FN": 2
  },
  "setting_3_attack_semantic_variation_reviews": {
    "recall": 72.33,
    "recall_greedy": 84.0,
    "recall_sampling": 60.665,
    "precision": 84.19,
    "accuracy": 78.16499999999999,
    "f1_score": 74.84,
    "FPR": 16.0,
    "TP": 108.5,
    "FP": 24,
    "TN": 126,
    "FN": 41.5
  },
  "setting_3_attack_format_modifications_reviews": {
    "recall": 95.734,
    "recall_greedy": 98.66600000000001,
    "recall_sampling": 92.8,
    "precision": 88.764,
    "accuracy": 91.534,
    "f1_score": 91.944,
    "FPR": 12.666,
    "TP": 143.6,
    "FP": 19,
    "TN": 131,
    "FN": 6.4
  },
  "setting_3_attack_spelling_variations_reviews": {
    "recall": 68.22333333333333,
    "recall_greedy": 70.22333333333333,
    "recall_sampling": 66.22,
    "precision": 66.43333333333334,
    "accuracy": 75.11,
    "f1_score": 64.98333333333333,
    "FPR": 18.0,
    "TP": 102.33333333333333,
    "FP": 27,
    "TN": 123,
    "FN": 47.666666666666664
  },
  "setting_3_attack_none_wikihow": {
    "recall": 95.33,
    "recall_greedy": 100.0,
    "recall_sampling": 90.67,
    "precision": 78.14,
    "accuracy": 84.33,
    "f1_score": 85.89,
    "FPR": 26.669999999999998,
    "TP": 143,
    "FP": 40,
    "TN": 110,
    "FN": 7
  },
  "setting_3_attack_semantic_variation_wikihow": {
    "recall": 56.665,
    "recall_greedy": 79.33500000000001,
    "recall_sampling": 34.0,
    "precision": 84.21000000000001,
    "accuracy": 71.83500000000001,
    "f1_score": 66.49000000000001,
    "FPR": 13.0,
    "TP": 85,
    "FP": 19.5,
    "TN": 130.5,
    "FN": 65
  },
  "setting_3_attack_format_modifications_wikihow": {
    "recall": 91.202,
    "recall_greedy": 99.2,
    "recall_sampling": 83.198,
    "precision": 86.17,
    "accuracy": 87.8,
    "f1_score": 88.30199999999999,
    "FPR": 15.602,
    "TP": 136.8,
    "FP": 23.4,
    "TN": 126.6,
    "FN": 13.2
  },
  "setting_3_attack_spelling_variations_wikihow": {
    "recall": 69.11333333333333,
    "recall_greedy": 72.44333333333333,
    "recall_sampling": 65.77666666666667,
    "precision": 66.88,
    "accuracy": 72.11333333333333,
    "f1_score": 66.17333333333333,
    "FPR": 24.89,
    "TP": 103.66666666666667,
    "FP": 37.333333333333336,
    "TN": 112.66666666666667,
    "FN": 46.333333333333336
  },
  "setting_3_attack_none_finance": {
    "recall": 90.67,
    "recall_greedy": 100.0,
    "recall_sampling": 81.33,
    "precision": 85.53,
    "accuracy": 87.67,
    "f1_score": 88.03,
    "FPR": 15.329999999999998,
    "TP": 136,
    "FP": 23,
    "TN": 127,
    "FN": 14
  },
  "setting_3_attack_semantic_variation_finance": {
    "recall": 51.0,
    "recall_greedy": 62.665,
    "recall_sampling": 39.33,
    "precision": 85.83,
    "accuracy": 70.83,
    "f1_score": 57.455,
    "FPR": 9.335,
    "TP": 76.5,
    "FP": 14,
    "TN": 136,
    "FN": 73.5
  },
  "setting_3_attack_format_modifications_finance": {
    "recall": 84.532,
    "recall_greedy": 96.266,
    "recall_sampling": 72.798,
    "precision": 89.182,
    "accuracy": 86.866,
    "f1_score": 86.54599999999999,
    "FPR": 10.8,
    "TP": 126.8,
    "FP": 16.2,
    "TN": 133.8,
    "FN": 23.2
  },
  "setting_3_attack_spelling_variations_finance": {
    "recall": 60.22,
    "recall_greedy": 68.44666666666667,
    "recall_sampling": 52.0,
    "precision": 66.04666666666667,
    "accuracy": 72.99666666666667,
    "f1_score": 61.406666666666666,
    "FPR": 14.223333333333334,
    "TP": 90.33333333333333,
    "FP": 21.333333333333332,
    "TN": 128.66666666666666,
    "FN": 59.666666666666664
  },
  "setting_3_attack_none_medicine": {
    "recall": 88.0,
    "recall_greedy": 94.67,
    "recall_sampling": 81.33,
    "precision": 88.0,
    "accuracy": 88.0,
    "f1_score": 88.0,
    "FPR": 12.0,
    "TP": 132,
    "FP": 18,
    "TN": 132,
    "FN": 18
  },
  "setting_3_attack_semantic_variation_medicine": {
    "recall": 42.335,
    "recall_greedy": 50.665,
    "recall_sampling": 34.0,
    "precision": 90.7,
    "accuracy": 68.165,
    "f1_score": 50.45,
    "FPR": 6.0,
    "TP": 63.5,
    "FP": 9,
    "TN": 141,
    "FN": 86.5
  },
  "setting_3_attack_format_modifications_medicine": {
    "recall": 81.602,
    "recall_greedy": 90.668,
    "recall_sampling": 72.532,
    "precision": 91.5,
    "accuracy": 86.8,
    "f1_score": 85.916,
    "FPR": 8.002,
    "TP": 122.4,
    "FP": 12,
    "TN": 138,
    "FN": 27.6
  },
  "setting_3_attack_spelling_variations_medicine": {
    "recall": 60.89,
    "recall_greedy": 66.22,
    "recall_sampling": 55.556666666666665,
    "precision": 79.60666666666667,
    "accuracy": 76.22333333333333,
    "f1_score": 64.61666666666666,
    "FPR": 8.443333333333333,
    "TP": 91.33333333333333,
    "FP": 12.666666666666666,
    "TN": 137.33333333333334,
    "FN": 58.666666666666664
  }
}