{
  "setting_3_attack_none_reviews": {
    "recall_greedy": 94.67,
    "recall_sampling": 74.67,
    "recall": 84.67,
    "precision": 58.8,
    "accuracy": 62.67,
    "f1_score": 69.39999999999999,
    "FPR": 59.330000000000005,
    "TP": 127,
    "FP": 89,
    "TN": 61,
    "FN": 23,
    "th": null
  },
  "setting_3_attack_semantic_variation_reviews": {
    "recall_greedy": 50.67,
    "recall_sampling": 36.0,
    "recall": 43.335,
    "precision": 49.239999999999995,
    "accuracy": 52.83,
    "f1_score": 42.28,
    "FPR": 37.665000000000006,
    "TP": 65,
    "FP": 56.5,
    "TN": 93.5,
    "FN": 85,
    "th": null
  },
  "setting_3_attack_format_modifications_reviews": {
    "recall_greedy": 74.4,
    "recall_sampling": 50.936,
    "recall": 62.668,
    "precision": 58.577999999999996,
    "accuracy": 59.268,
    "f1_score": 59.07,
    "FPR": 44.134,
    "TP": 94,
    "FP": 66.2,
    "TN": 83.8,
    "FN": 56,
    "th": null
  },
  "setting_3_attack_spelling_variations_reviews": {
    "recall_greedy": 93.77666666666667,
    "recall_sampling": 76.44333333333333,
    "recall": 85.11,
    "precision": 57.37333333333333,
    "accuracy": 60.556666666666665,
    "f1_score": 68.25333333333334,
    "FPR": 64.0,
    "TP": 127.66666666666667,
    "FP": 96,
    "TN": 54,
    "FN": 22.333333333333332,
    "th": null
  },
  "setting_3_attack_none_wikihow": {
    "recall_greedy": 96.0,
    "recall_sampling": 77.33,
    "recall": 86.67,
    "precision": 58.040000000000006,
    "accuracy": 62.0,
    "f1_score": 69.52000000000001,
    "FPR": 62.67,
    "TP": 130,
    "FP": 94,
    "TN": 56,
    "FN": 20,
    "th": null
  },
  "setting_3_attack_semantic_variation_wikihow": {
    "recall_greedy": 76.0,
    "recall_sampling": 53.335,
    "recall": 64.67,
    "precision": 60.94,
    "accuracy": 61.335,
    "f1_score": 62.36,
    "FPR": 42.0,
    "TP": 97,
    "FP": 63,
    "TN": 87,
    "FN": 53,
    "th": null
  },
  "setting_3_attack_format_modifications_wikihow": {
    "recall_greedy": 90.134,
    "recall_sampling": 68.8,
    "recall": 79.466,
    "precision": 60.438,
    "accuracy": 63.266,
    "f1_score": 68.36,
    "FPR": 52.934000000000005,
    "TP": 119.2,
    "FP": 79.4,
    "TN": 70.6,
    "FN": 30.8,
    "th": null
  },
  "setting_3_attack_spelling_variations_wikihow": {
    "recall_greedy": 95.55333333333333,
    "recall_sampling": 84.0,
    "recall": 89.78,
    "precision": 56.38333333333333,
    "accuracy": 59.11,
    "f1_score": 68.86,
    "FPR": 71.55666666666667,
    "TP": 134.66666666666666,
    "FP": 107.33333333333333,
    "TN": 42.666666666666664,
    "FN": 15.333333333333334,
    "th": null
  },
  "setting_3_attack_none_finance": {
    "recall_greedy": 98.67,
    "recall_sampling": 85.33,
    "recall": 92.0,
    "precision": 58.230000000000004,
    "accuracy": 63.0,
    "f1_score": 71.32,
    "FPR": 66.0,
    "TP": 138,
    "FP": 99,
    "TN": 51,
    "FN": 12,
    "th": null
  },
  "setting_3_attack_semantic_variation_finance": {
    "recall_greedy": 76.0,
    "recall_sampling": 63.335,
    "recall": 69.66499999999999,
    "precision": 61.214999999999996,
    "accuracy": 61.83,
    "f1_score": 62.955,
    "FPR": 46.0,
    "TP": 104.5,
    "FP": 69,
    "TN": 81,
    "FN": 45.5,
    "th": null
  },
  "setting_3_attack_format_modifications_finance": {
    "recall_greedy": 95.2,
    "recall_sampling": 75.998,
    "recall": 85.602,
    "precision": 61.414,
    "accuracy": 65.132,
    "f1_score": 71.132,
    "FPR": 55.334,
    "TP": 128.4,
    "FP": 83,
    "TN": 67,
    "FN": 21.6,
    "th": null
  },
  "setting_3_attack_spelling_variations_finance": {
    "recall_greedy": 99.11333333333333,
    "recall_sampling": 87.55666666666667,
    "recall": 93.33333333333333,
    "precision": 56.46,
    "accuracy": 59.776666666666664,
    "f1_score": 70.08333333333334,
    "FPR": 73.77666666666667,
    "TP": 140,
    "FP": 110.66666666666667,
    "TN": 39.333333333333336,
    "FN": 10,
    "th": null
  },
  "setting_3_attack_none_medicine": {
    "recall_greedy": 88.0,
    "recall_sampling": 74.67,
    "recall": 81.33,
    "precision": 85.31,
    "accuracy": 83.67,
    "f1_score": 83.28,
    "FPR": 14.000000000000002,
    "TP": 122,
    "FP": 21,
    "TN": 129,
    "FN": 28,
    "th": null
  },
  "setting_3_attack_semantic_variation_medicine": {
    "recall_greedy": 62.0,
    "recall_sampling": 54.0,
    "recall": 58.0,
    "precision": 83.41499999999999,
    "accuracy": 72.0,
    "f1_score": 64.445,
    "FPR": 14.0,
    "TP": 87,
    "FP": 21,
    "TN": 129,
    "FN": 63,
    "th": null
  },
  "setting_3_attack_format_modifications_medicine": {
    "recall_greedy": 78.67,
    "recall_sampling": 65.334,
    "recall": 72.0,
    "precision": 86.894,
    "accuracy": 80.332,
    "f1_score": 78.196,
    "FPR": 11.334,
    "TP": 108,
    "FP": 17,
    "TN": 133,
    "FN": 42,
    "th": null
  },
  "setting_3_attack_spelling_variations_medicine": {
    "recall_greedy": 88.89,
    "recall_sampling": 80.0,
    "recall": 84.44333333333333,
    "precision": 74.58,
    "accuracy": 73.22333333333333,
    "f1_score": 77.29,
    "FPR": 38.0,
    "TP": 126.66666666666667,
    "FP": 57,
    "TN": 93,
    "FN": 23.333333333333332,
    "th": null
  }
}