{
  "setting_3_attack_none_reviews": {
    "recall": 90.67,
    "recall_greedy": 93.33,
    "recall_sampling": 88.0,
    "precision": 79.07,
    "accuracy": 83.33,
    "f1_score": 84.47,
    "FPR": 24.0,
    "TP": 136,
    "FP": 36,
    "TN": 114,
    "FN": 14,
    "th": null
  },
  "setting_3_attack_semantic_variation_reviews": {
    "recall": 86.0,
    "recall_greedy": 86.0,
    "recall_sampling": 86.0,
    "precision": 64.415,
    "accuracy": 69.33,
    "f1_score": 73.65,
    "FPR": 47.335,
    "TP": 129,
    "FP": 71,
    "TN": 79,
    "FN": 21,
    "th": null
  },
  "setting_3_attack_format_modifications_reviews": {
    "recall": 94.0,
    "recall_greedy": 96.0,
    "recall_sampling": 91.998,
    "precision": 75.84,
    "accuracy": 82.0,
    "f1_score": 83.924,
    "FPR": 30.0,
    "TP": 141,
    "FP": 45,
    "TN": 105,
    "FN": 9,
    "th": null
  },
  "setting_3_attack_spelling_variations_reviews": {
    "recall": 87.33333333333333,
    "recall_greedy": 92.89,
    "recall_sampling": 81.77666666666667,
    "precision": 74.84666666666666,
    "accuracy": 78.89,
    "f1_score": 80.6,
    "FPR": 29.553333333333335,
    "TP": 131,
    "FP": 44.333333333333336,
    "TN": 105.66666666666667,
    "FN": 19,
    "th": null
  },
  "setting_3_attack_none_wikihow": {
    "recall": 71.33,
    "recall_greedy": 68.0,
    "recall_sampling": 74.67,
    "precision": 49.54,
    "accuracy": 49.33,
    "f1_score": 58.47,
    "FPR": 72.67,
    "TP": 107,
    "FP": 109,
    "TN": 41,
    "FN": 43,
    "th": null
  },
  "setting_3_attack_semantic_variation_wikihow": {
    "recall": 88.67,
    "recall_greedy": 86.66499999999999,
    "recall_sampling": 90.66499999999999,
    "precision": 49.254999999999995,
    "accuracy": 48.665,
    "f1_score": 63.325,
    "FPR": 91.33500000000001,
    "TP": 133,
    "FP": 137,
    "TN": 13,
    "FN": 17,
    "th": null
  },
  "setting_3_attack_format_modifications_wikihow": {
    "recall": 80.0,
    "recall_greedy": 79.998,
    "recall_sampling": 80.0,
    "precision": 49.898,
    "accuracy": 49.998,
    "f1_score": 61.4,
    "FPR": 79.998,
    "TP": 120,
    "FP": 120,
    "TN": 30,
    "FN": 30,
    "th": null
  },
  "setting_3_attack_spelling_variations_wikihow": {
    "recall": 66.66666666666667,
    "recall_greedy": 63.11,
    "recall_sampling": 70.22333333333333,
    "precision": 46.46666666666667,
    "accuracy": 45.333333333333336,
    "f1_score": 54.73,
    "FPR": 76.0,
    "TP": 100,
    "FP": 114,
    "TN": 36,
    "FN": 50,
    "th": null
  },
  "setting_3_attack_none_finance": {
    "recall": 80.0,
    "recall_greedy": 78.67,
    "recall_sampling": 81.33,
    "precision": 91.60000000000001,
    "accuracy": 86.33,
    "f1_score": 85.41,
    "FPR": 7.33,
    "TP": 120,
    "FP": 11,
    "TN": 139,
    "FN": 30,
    "th": null
  },
  "setting_3_attack_semantic_variation_finance": {
    "recall": 83.66499999999999,
    "recall_greedy": 80.0,
    "recall_sampling": 87.33500000000001,
    "precision": 70.73,
    "accuracy": 74.16499999999999,
    "f1_score": 76.55,
    "FPR": 35.335,
    "TP": 125.5,
    "FP": 53,
    "TN": 97,
    "FN": 24.5,
    "th": null
  },
  "setting_3_attack_format_modifications_finance": {
    "recall": 89.466,
    "recall_greedy": 88.534,
    "recall_sampling": 90.4,
    "precision": 86.414,
    "accuracy": 87.598,
    "f1_score": 87.806,
    "FPR": 14.268,
    "TP": 134.2,
    "FP": 21.4,
    "TN": 128.6,
    "FN": 15.8,
    "th": null
  },
  "setting_3_attack_spelling_variations_finance": {
    "recall": 69.77666666666667,
    "recall_greedy": 69.33333333333333,
    "recall_sampling": 70.22333333333333,
    "precision": 84.03,
    "accuracy": 79.22,
    "f1_score": 75.69,
    "FPR": 11.333333333333332,
    "TP": 104.66666666666667,
    "FP": 17,
    "TN": 133,
    "FN": 45.333333333333336,
    "th": null
  },
  "setting_3_attack_none_medicine": {
    "recall": 89.33,
    "recall_greedy": 90.67,
    "recall_sampling": 88.0,
    "precision": 60.91,
    "accuracy": 66.0,
    "f1_score": 72.43,
    "FPR": 57.330000000000005,
    "TP": 134,
    "FP": 86,
    "TN": 64,
    "FN": 16,
    "th": null
  },
  "setting_3_attack_semantic_variation_medicine": {
    "recall": 93.0,
    "recall_greedy": 92.67,
    "recall_sampling": 93.33500000000001,
    "precision": 53.455000000000005,
    "accuracy": 56.0,
    "f1_score": 67.88499999999999,
    "FPR": 81.0,
    "TP": 139.5,
    "FP": 121.5,
    "TN": 28.5,
    "FN": 10.5,
    "th": null
  },
  "setting_3_attack_format_modifications_medicine": {
    "recall": 92.798,
    "recall_greedy": 92.534,
    "recall_sampling": 93.066,
    "precision": 58.992,
    "accuracy": 64.134,
    "f1_score": 72.118,
    "FPR": 64.536,
    "TP": 139.2,
    "FP": 96.8,
    "TN": 53.2,
    "FN": 10.8,
    "th": null
  },
  "setting_3_attack_spelling_variations_medicine": {
    "recall": 83.55333333333333,
    "recall_greedy": 85.77666666666667,
    "recall_sampling": 81.33333333333333,
    "precision": 57.339999999999996,
    "accuracy": 60.78,
    "f1_score": 68.00666666666667,
    "FPR": 62.0,
    "TP": 125.33333333333333,
    "FP": 93,
    "TN": 57,
    "FN": 24.666666666666668,
    "th": null
  }
}