{
  "setting_3_attack_none_reviews": {
    "recall_greedy": 94.67,
    "recall_sampling": 94.67,
    "recall": 94.67,
    "precision": 97.26,
    "accuracy": 96.0,
    "f1_score": 95.95,
    "FPR": 2.67,
    "TP": 142,
    "FP": 4,
    "TN": 146,
    "FN": 8,
    "th": null
  },
  "setting_3_attack_semantic_variation_reviews": {
    "recall_greedy": 91.33500000000001,
    "recall_sampling": 91.33500000000001,
    "recall": 91.33,
    "precision": 94.715,
    "accuracy": 93.0,
    "f1_score": 92.85499999999999,
    "FPR": 5.335,
    "TP": 137,
    "FP": 8,
    "TN": 142,
    "FN": 13,
    "th": null
  },
  "setting_3_attack_format_modifications_reviews": {
    "recall_greedy": 93.87,
    "recall_sampling": 93.602,
    "recall": 93.736,
    "precision": 97.37400000000001,
    "accuracy": 95.6,
    "f1_score": 95.51,
    "FPR": 2.536,
    "TP": 140.6,
    "FP": 3.8,
    "TN": 146.2,
    "FN": 9.4,
    "th": null
  },
  "setting_3_attack_spelling_variations_reviews": {
    "recall_greedy": 62.666666666666664,
    "recall_sampling": 61.776666666666664,
    "recall": 62.223333333333336,
    "precision": 64.81333333333333,
    "accuracy": 80.22333333333333,
    "f1_score": 63.49,
    "FPR": 1.78,
    "TP": 93.33333333333333,
    "FP": 2.6666666666666665,
    "TN": 147.33333333333334,
    "FN": 56.666666666666664,
    "th": null
  },
  "setting_3_attack_none_wikihow": {
    "recall_greedy": 100.0,
    "recall_sampling": 98.67,
    "recall": 99.33,
    "precision": 84.66,
    "accuracy": 90.67,
    "f1_score": 91.41,
    "FPR": 18.0,
    "TP": 149,
    "FP": 27,
    "TN": 123,
    "FN": 1,
    "th": null
  },
  "setting_3_attack_semantic_variation_wikihow": {
    "recall_greedy": 98.0,
    "recall_sampling": 96.665,
    "recall": 97.33500000000001,
    "precision": 84.555,
    "accuracy": 89.67,
    "f1_score": 90.46000000000001,
    "FPR": 18.0,
    "TP": 146,
    "FP": 27,
    "TN": 123,
    "FN": 4,
    "th": null
  },
  "setting_3_attack_format_modifications_wikihow": {
    "recall_greedy": 100.0,
    "recall_sampling": 98.402,
    "recall": 99.198,
    "precision": 85.136,
    "accuracy": 90.934,
    "f1_score": 91.628,
    "FPR": 17.334,
    "TP": 148.8,
    "FP": 26,
    "TN": 124,
    "FN": 1.2,
    "th": null
  },
  "setting_3_attack_spelling_variations_wikihow": {
    "recall_greedy": 68.0,
    "recall_sampling": 67.55666666666667,
    "recall": 67.77666666666667,
    "precision": 90.58666666666666,
    "accuracy": 78.44333333333333,
    "f1_score": 64.38666666666666,
    "FPR": 10.889999999999999,
    "TP": 101.66666666666667,
    "FP": 16.333333333333332,
    "TN": 133.66666666666666,
    "FN": 48.333333333333336,
    "th": null
  },
  "setting_3_attack_none_finance": {
    "recall_greedy": 84.0,
    "recall_sampling": 70.67,
    "recall": 77.33,
    "precision": 70.73,
    "accuracy": 72.67,
    "f1_score": 73.89,
    "FPR": 32.0,
    "TP": 116,
    "FP": 48,
    "TN": 102,
    "FN": 34,
    "th": null
  },
  "setting_3_attack_semantic_variation_finance": {
    "recall_greedy": 70.0,
    "recall_sampling": 56.67,
    "recall": 63.334999999999994,
    "precision": 71.22,
    "accuracy": 68.66499999999999,
    "f1_score": 66.595,
    "FPR": 26.0,
    "TP": 95,
    "FP": 39,
    "TN": 111,
    "FN": 55,
    "th": null
  },
  "setting_3_attack_format_modifications_finance": {
    "recall_greedy": 81.866,
    "recall_sampling": 67.47,
    "recall": 74.664,
    "precision": 71.452,
    "accuracy": 72.336,
    "f1_score": 72.90599999999999,
    "FPR": 30.0,
    "TP": 112,
    "FP": 45,
    "TN": 105,
    "FN": 38,
    "th": null
  },
  "setting_3_attack_spelling_variations_finance": {
    "recall_greedy": 52.89,
    "recall_sampling": 41.78,
    "recall": 47.333333333333336,
    "precision": 47.666666666666664,
    "accuracy": 64.22,
    "f1_score": 47.486666666666665,
    "FPR": 18.89,
    "TP": 71,
    "FP": 28.333333333333332,
    "TN": 121.66666666666667,
    "FN": 79,
    "th": null
  },
  "setting_3_attack_none_medicine": {
    "recall_greedy": 86.67,
    "recall_sampling": 74.67,
    "recall": 80.67,
    "precision": 67.22,
    "accuracy": 70.67,
    "f1_score": 73.33,
    "FPR": 39.33,
    "TP": 121,
    "FP": 59,
    "TN": 91,
    "FN": 29,
    "th": null
  },
  "setting_3_attack_semantic_variation_medicine": {
    "recall_greedy": 76.0,
    "recall_sampling": 68.0,
    "recall": 72.0,
    "precision": 64.695,
    "accuracy": 65.66499999999999,
    "f1_score": 67.64500000000001,
    "FPR": 40.67,
    "TP": 108,
    "FP": 61,
    "TN": 89,
    "FN": 42,
    "th": null
  },
  "setting_3_attack_format_modifications_medicine": {
    "recall_greedy": 84.002,
    "recall_sampling": 74.134,
    "recall": 79.068,
    "precision": 67.076,
    "accuracy": 70.136,
    "f1_score": 72.568,
    "FPR": 38.798,
    "TP": 118.6,
    "FP": 58.2,
    "TN": 91.8,
    "FN": 31.4,
    "th": null
  },
  "setting_3_attack_spelling_variations_medicine": {
    "recall_greedy": 54.666666666666664,
    "recall_sampling": 48.00333333333334,
    "recall": 51.33,
    "precision": 58.21,
    "accuracy": 62.22,
    "f1_score": 49.13,
    "FPR": 26.89,
    "TP": 77,
    "FP": 40.333333333333336,
    "TN": 109.66666666666667,
    "FN": 73,
    "th": null
  }
}