{
  "setting_3_attack_none_reviews": {
    "recall_greedy": 100.0,
    "recall_sampling": 96.0,
    "recall": 98.0,
    "precision": 56.76,
    "accuracy": 61.67,
    "f1_score": 71.88,
    "FPR": 74.67,
    "TP": 147,
    "FP": 112,
    "TN": 38,
    "FN": 3,
    "th": null
  },
  "setting_3_attack_semantic_variation_reviews": {
    "recall_greedy": 98.0,
    "recall_sampling": 96.66499999999999,
    "recall": 97.33500000000001,
    "precision": 51.275,
    "accuracy": 52.335,
    "f1_score": 67.13,
    "FPR": 92.67,
    "TP": 146,
    "FP": 139,
    "TN": 11,
    "FN": 4,
    "th": null
  },
  "setting_3_attack_format_modifications_reviews": {
    "recall_greedy": 99.46600000000001,
    "recall_sampling": 96.534,
    "recall": 98.0,
    "precision": 56.03,
    "accuracy": 60.268,
    "f1_score": 71.226,
    "FPR": 77.468,
    "TP": 147,
    "FP": 116.2,
    "TN": 33.8,
    "FN": 3,
    "th": null
  },
  "setting_3_attack_spelling_variations_reviews": {
    "recall_greedy": 100.0,
    "recall_sampling": 97.33333333333333,
    "recall": 98.66666666666667,
    "precision": 54.36333333333333,
    "accuracy": 57.553333333333335,
    "f1_score": 70.03333333333333,
    "FPR": 83.55333333333333,
    "TP": 148,
    "FP": 125.33333333333333,
    "TN": 24.666666666666668,
    "FN": 2,
    "th": null
  },
  "setting_3_attack_none_wikihow": {
    "recall_greedy": 90.67,
    "recall_sampling": 82.67,
    "recall": 86.67,
    "precision": 46.589999999999996,
    "accuracy": 43.669999999999995,
    "f1_score": 60.61,
    "FPR": 99.33,
    "TP": 130,
    "FP": 149,
    "TN": 1,
    "FN": 20,
    "th": null
  },
  "setting_3_attack_semantic_variation_wikihow": {
    "recall_greedy": 90.0,
    "recall_sampling": 87.33000000000001,
    "recall": 88.66499999999999,
    "precision": 47.015,
    "accuracy": 44.5,
    "f1_score": 61.425,
    "FPR": 99.66499999999999,
    "TP": 133,
    "FP": 149.5,
    "TN": 0.5,
    "FN": 17,
    "th": null
  },
  "setting_3_attack_format_modifications_wikihow": {
    "recall_greedy": 92.268,
    "recall_sampling": 87.734,
    "recall": 90.002,
    "precision": 47.442,
    "accuracy": 45.268,
    "f1_score": 62.12,
    "FPR": 99.466,
    "TP": 135,
    "FP": 149.2,
    "TN": 0.8,
    "FN": 15,
    "th": null
  },
  "setting_3_attack_spelling_variations_wikihow": {
    "recall_greedy": 93.33333333333333,
    "recall_sampling": 89.33333333333333,
    "recall": 91.33333333333333,
    "precision": 47.736666666666665,
    "accuracy": 45.779999999999994,
    "f1_score": 62.69,
    "FPR": 99.77666666666667,
    "TP": 137,
    "FP": 149.66666666666666,
    "TN": 0.3333333333333333,
    "FN": 13,
    "th": null
  },
  "setting_3_attack_none_finance": {
    "recall_greedy": 93.33,
    "recall_sampling": 78.67,
    "recall": 86.0,
    "precision": 59.72,
    "accuracy": 64.0,
    "f1_score": 70.49,
    "FPR": 57.99999999999999,
    "TP": 129,
    "FP": 87,
    "TN": 63,
    "FN": 21,
    "th": null
  },
  "setting_3_attack_semantic_variation_finance": {
    "recall_greedy": 90.0,
    "recall_sampling": 84.67,
    "recall": 87.33,
    "precision": 52.92999999999999,
    "accuracy": 54.5,
    "f1_score": 65.73500000000001,
    "FPR": 78.33500000000001,
    "TP": 131,
    "FP": 117.5,
    "TN": 32.5,
    "FN": 19,
    "th": null
  },
  "setting_3_attack_format_modifications_finance": {
    "recall_greedy": 92.268,
    "recall_sampling": 83.19800000000001,
    "recall": 87.734,
    "precision": 58.912,
    "accuracy": 62.732,
    "f1_score": 70.202,
    "FPR": 62.266,
    "TP": 131.6,
    "FP": 93.4,
    "TN": 56.6,
    "FN": 18.4,
    "th": null
  },
  "setting_3_attack_spelling_variations_finance": {
    "recall_greedy": 95.11,
    "recall_sampling": 85.77666666666667,
    "recall": 90.44666666666667,
    "precision": 57.38666666666667,
    "accuracy": 60.333333333333336,
    "f1_score": 69.75333333333333,
    "FPR": 69.77666666666667,
    "TP": 135.66666666666666,
    "FP": 104.66666666666667,
    "TN": 45.333333333333336,
    "FN": 14.333333333333334,
    "th": null
  },
  "setting_3_attack_none_medicine": {
    "recall_greedy": 97.33000000000001,
    "recall_sampling": 96.0,
    "recall": 96.67,
    "precision": 49.49,
    "accuracy": 49.0,
    "f1_score": 65.46,
    "FPR": 98.67,
    "TP": 145,
    "FP": 148,
    "TN": 2,
    "FN": 5,
    "th": null
  },
  "setting_3_attack_semantic_variation_medicine": {
    "recall_greedy": 97.33000000000001,
    "recall_sampling": 96.67,
    "recall": 97.0,
    "precision": 49.57,
    "accuracy": 49.165,
    "f1_score": 65.61500000000001,
    "FPR": 98.66499999999999,
    "TP": 145.5,
    "FP": 148,
    "TN": 2,
    "FN": 4.5,
    "th": null
  },
  "setting_3_attack_format_modifications_medicine": {
    "recall_greedy": 98.66600000000001,
    "recall_sampling": 97.33200000000001,
    "recall": 97.998,
    "precision": 49.76,
    "accuracy": 49.532,
    "f1_score": 66.006,
    "FPR": 98.932,
    "TP": 147,
    "FP": 148.4,
    "TN": 1.6,
    "FN": 3,
    "th": null
  },
  "setting_3_attack_spelling_variations_medicine": {
    "recall_greedy": 98.66666666666667,
    "recall_sampling": 96.89,
    "recall": 97.77666666666667,
    "precision": 49.71666666666667,
    "accuracy": 49.446666666666665,
    "f1_score": 65.91333333333333,
    "FPR": 98.89,
    "TP": 146.66666666666666,
    "FP": 148.33333333333334,
    "TN": 1.6666666666666667,
    "FN": 3.3333333333333335,
    "th": null
  }
}