{
  "results_validation": {
    "recall": 31.56,
    "precision": 64.79,
    "accuracy": 57.21000000000001,
    "f1_score": 42.449999999999996,
    "FPR": 17.150000000000002,
    "TP": 2604,
    "FP": 1415,
    "TN": 6835,
    "FN": 5646,
    "th": 0.015996824949979782
  }
}