{
  "results_validation": {
    "recall": 99.7,
    "precision": 50.019999999999996,
    "accuracy": 50.05,
    "f1_score": 66.62,
    "FPR": 99.6,
    "TP": 8225,
    "FP": 8217,
    "TN": 33,
    "FN": 25,
    "th": 0.6797066014669927
  }
}