{
  "results_validation": {
    "recall": 95.56,
    "precision": 84.78,
    "accuracy": 89.21,
    "f1_score": 89.85,
    "FPR": 17.150000000000002,
    "TP": 7884,
    "FP": 1415,
    "TN": 6835,
    "FN": 366,
    "th": 0.8661425709724426
  }
}