{
  "results_validation": {
    "recall": 96.06,
    "precision": 63.949999999999996,
    "accuracy": 70.96000000000001,
    "f1_score": 76.79,
    "FPR": 54.15,
    "TP": 7925,
    "FP": 4467,
    "TN": 3783,
    "FN": 325,
    "th": 0.8467243909835815
  }
}