{
  "results_validation": {
    "recall": 98.65,
    "precision": 67.39,
    "accuracy": 75.44999999999999,
    "f1_score": 80.08,
    "FPR": 47.75,
    "TP": 8139,
    "FP": 3939,
    "TN": 4311,
    "FN": 111,
    "th": 0.7897693514823914
  }
}